{
  "status": "GO",
  "generated_at_utc": "2026-03-01T03:29:14.645207+00:00",
  "baseline_method": "naive_multiturn",
  "anchor_method": "restlessness_best",
  "thresholds": {
    "target_token_reduction": 0.5,
    "quality_margin": -0.01,
    "min_pairs": 16
  },
  "method_summary": [
    {
      "method": "naive_multiturn",
      "n": 16,
      "objective_mean": 0.6425512871517275,
      "tokens_mean": 965.0625,
      "calls_mean": 4.6875
    },
    {
      "method": "restlessness_best",
      "n": 16,
      "objective_mean": 0.662026075456829,
      "tokens_mean": 1036.8125,
      "calls_mean": 5.125
    },
    {
      "method": "restlessness_triggered",
      "n": 16,
      "objective_mean": 0.6497502435568516,
      "tokens_mean": 254.625,
      "calls_mean": 1.75
    }
  ],
  "candidate_results": [
    {
      "method": "restlessness_triggered",
      "n_pairs_vs_baseline": 16,
      "objective_delta_vs_baseline": {
        "ci_low": -0.005449237280473938,
        "mean": 0.007198956405124156,
        "ci_high": 0.020014859653562526
      },
      "token_reduction_vs_baseline": {
        "ci_low": 0.5445161769222452,
        "mean": 0.6893187037500667,
        "ci_high": 0.7968450220330596
      },
      "call_reduction_vs_baseline": {
        "ci_low": 0.5385416666666667,
        "mean": 0.6375,
        "ci_high": 0.7114583333333333
      },
      "objective_delta_vs_anchor": {
        "ci_low": -0.022270149129854692,
        "mean": -0.012275831899977288,
        "ci_high": -0.0035116796200094363
      },
      "passes_gate": true
    }
  ],
  "recommended_method": "restlessness_triggered",
  "next_action": "Promote `restlessness_triggered` to next larger run with anchor `restlessness_best` retained."
}