{
  "status": "NO_GO",
  "generated_at_utc": "2026-03-01T03:02:18.535920+00:00",
  "baseline_method": "naive_multiturn",
  "anchor_method": "restlessness_best",
  "thresholds": {
    "target_token_reduction": 0.5,
    "quality_margin": -0.01,
    "min_pairs": 16
  },
  "method_summary": [
    {
      "method": "naive_multiturn",
      "n": 16,
      "objective_mean": 0.6425512871517275,
      "tokens_mean": 965.0625,
      "calls_mean": 4.6875
    },
    {
      "method": "restlessness_best",
      "n": 16,
      "objective_mean": 0.662026075456829,
      "tokens_mean": 1036.8125,
      "calls_mean": 5.125
    },
    {
      "method": "restlessness_triggered",
      "n": 16,
      "objective_mean": 0.6393333976983784,
      "tokens_mean": 196.375,
      "calls_mean": 1.375
    }
  ],
  "candidate_results": [
    {
      "method": "restlessness_triggered",
      "n_pairs_vs_baseline": 16,
      "objective_delta_vs_baseline": {
        "ci_low": -0.01788593659280316,
        "mean": -0.003217889453349096,
        "ci_high": 0.01113533856883804
      },
      "token_reduction_vs_baseline": {
        "ci_low": 0.7276668365773702,
        "mean": 0.7769159262582663,
        "ci_high": 0.825414042236004
      },
      "call_reduction_vs_baseline": {
        "ci_low": 0.6802083333333333,
        "mean": 0.7125,
        "ci_high": 0.7447916666666666
      },
      "objective_delta_vs_anchor": {
        "ci_low": -0.03214776629421872,
        "mean": -0.02269267775845054,
        "ci_high": -0.012645806271154851
      },
      "passes_gate": false
    }
  ],
  "recommended_method": null,
  "next_action": "No candidate met gate; tune trigger threshold/iterations and rerun micro-lab."
}